specification,evidence,outcome,term,coefficient,standard_error,ci_low,ci_high,p_value,observations,stable_sites,r_squared
Main predeclared bounds,between-and-within pooled component model,log_generator_design_intensity,cohort_Before 1990,-1.564687472,0.08435784588,-1.730025812,-1.399349133,8.430527698e-77,6511,493,0.549257958
Main predeclared bounds,between-and-within pooled component model,log_generator_design_intensity,cohort_1990-1999,-0.8826938627,0.06346494164,-1.007082863,-0.7583048628,5.634935208e-44,6511,493,0.549257958
Main predeclared bounds,between-and-within pooled component model,log_generator_design_intensity,cohort_2000-2009,-0.2673795562,0.04299319263,-0.3516446654,-0.1831144471,4.999707061e-10,6511,493,0.549257958
Main predeclared bounds,between-and-within pooled component model,log_generator_design_intensity,log_capacity_t_day,0.532017282,0.04351057157,0.4467381288,0.6172964352,2.221726634e-34,6511,493,0.549257958
Main predeclared bounds,between-and-within pooled component model,log_electrical_capacity_factor,cohort_Before 1990,0.3020317308,0.04190294038,0.2199034768,0.3841599848,5.682604338e-13,6511,493,0.3390337234
Main predeclared bounds,between-and-within pooled component model,log_electrical_capacity_factor,cohort_1990-1999,0.1984814984,0.03245809429,0.1348648026,0.2620981942,9.655226539e-10,6511,493,0.3390337234
Main predeclared bounds,between-and-within pooled component model,log_electrical_capacity_factor,cohort_2000-2009,0.01490755958,0.02889714494,-0.04172980377,0.07154492292,0.6059357957,6511,493,0.3390337234
Main predeclared bounds,between-and-within pooled component model,log_electrical_capacity_factor,log_capacity_t_day,-0.1160187553,0.02361211719,-0.1622976546,-0.06973985598,8.945279534e-07,6511,493,0.3390337234
Main predeclared bounds,between-and-within pooled component model,log_electrical_capacity_factor,capacity_utilization_raw,1.695143811,0.1258752324,1.448432889,1.941854733,2.450766968e-41,6511,493,0.3390337234
Main predeclared bounds,between-and-within pooled component model,log_gross_generation_mwh,log_throughput_t_year,0.6377647236,0.05209948615,0.5356516071,0.7398778401,1.870446809e-34,6511,493,0.9138868427
Main predeclared bounds,between-and-within pooled component model,log_gross_generation_mwh,log_power_capacity_kw,0.5757761493,0.03788872705,0.5015156089,0.6500366898,3.730096338e-52,6511,493,0.9138868427
First decade (FY2005-FY2014),between-and-within pooled component model,log_generator_design_intensity,cohort_Before 1990,-1.352866328,0.07974395288,-1.509161604,-1.196571052,1.487764075e-64,2882,356,0.5080800999
First decade (FY2005-FY2014),between-and-within pooled component model,log_generator_design_intensity,cohort_1990-1999,-0.6852209212,0.06882053083,-0.820106683,-0.5503351593,2.359121728e-23,2882,356,0.5080800999
First decade (FY2005-FY2014),between-and-within pooled component model,log_generator_design_intensity,cohort_2000-2009,-0.1128740517,0.04756228028,-0.2060944081,-0.01965369536,0.01763546694,2882,356,0.5080800999
First decade (FY2005-FY2014),between-and-within pooled component model,log_generator_design_intensity,log_capacity_t_day,0.4738630343,0.06382448115,0.3487693499,0.5989567187,1.132312139e-13,2882,356,0.5080800999
First decade (FY2005-FY2014),between-and-within pooled component model,log_electrical_capacity_factor,cohort_Before 1990,0.3002986296,0.06002054537,0.1826605224,0.4179367369,5.636768294e-07,2882,356,0.2966907353
First decade (FY2005-FY2014),between-and-within pooled component model,log_electrical_capacity_factor,cohort_1990-1999,0.223207425,0.05458150581,0.1162296394,0.3301852106,4.324284753e-05,2882,356,0.2966907353
First decade (FY2005-FY2014),between-and-within pooled component model,log_electrical_capacity_factor,cohort_2000-2009,0.03689608767,0.05059333647,-0.06226502968,0.136057205,0.4658379075,2882,356,0.2966907353
First decade (FY2005-FY2014),between-and-within pooled component model,log_electrical_capacity_factor,log_capacity_t_day,-0.09782885487,0.03548644747,-0.1673810139,-0.02827669589,0.00583709643,2882,356,0.2966907353
First decade (FY2005-FY2014),between-and-within pooled component model,log_electrical_capacity_factor,capacity_utilization_raw,1.54425492,0.1479594031,1.254259819,1.834250022,1.680058638e-25,2882,356,0.2966907353
First decade (FY2005-FY2014),between-and-within pooled component model,log_gross_generation_mwh,log_throughput_t_year,0.6664658668,0.04835748234,0.571686943,0.7612447905,3.267982019e-43,2882,356,0.9079798809
First decade (FY2005-FY2014),between-and-within pooled component model,log_gross_generation_mwh,log_power_capacity_kw,0.5486568158,0.03700258003,0.4761330916,0.62118054,9.72477638e-50,2882,356,0.9079798809
Second decade (FY2015-FY2024),between-and-within pooled component model,log_generator_design_intensity,cohort_Before 1990,-1.641673566,0.1269751428,-1.890540273,-1.39280686,3.084316263e-38,3629,444,0.5732586604
Second decade (FY2015-FY2024),between-and-within pooled component model,log_generator_design_intensity,cohort_1990-1999,-0.9340166159,0.06912525639,-1.069499629,-0.7985336029,1.329628319e-41,3629,444,0.5732586604
Second decade (FY2015-FY2024),between-and-within pooled component model,log_generator_design_intensity,cohort_2000-2009,-0.2858131854,0.04157334475,-0.3672954438,-0.2043309269,6.202710498e-12,3629,444,0.5732586604
Second decade (FY2015-FY2024),between-and-within pooled component model,log_generator_design_intensity,log_capacity_t_day,0.5770894944,0.04420375548,0.4904517257,0.6637272632,5.934292255e-39,3629,444,0.5732586604
Second decade (FY2015-FY2024),between-and-within pooled component model,log_electrical_capacity_factor,cohort_Before 1990,0.3346170309,0.05652405542,0.223831918,0.4454021437,3.221278966e-09,3629,444,0.3794874687
Second decade (FY2015-FY2024),between-and-within pooled component model,log_electrical_capacity_factor,cohort_1990-1999,0.2072520512,0.03553462016,0.1376054755,0.2768986269,5.463637138e-09,3629,444,0.3794874687
Second decade (FY2015-FY2024),between-and-within pooled component model,log_electrical_capacity_factor,cohort_2000-2009,0.02600185554,0.02981690935,-0.03243821291,0.08444192399,0.38318074,3629,444,0.3794874687
Second decade (FY2015-FY2024),between-and-within pooled component model,log_electrical_capacity_factor,log_capacity_t_day,-0.131962543,0.02333765318,-0.1777035027,-0.08622158325,1.563090571e-08,3629,444,0.3794874687
Second decade (FY2015-FY2024),between-and-within pooled component model,log_electrical_capacity_factor,capacity_utilization_raw,1.825379451,0.1599764488,1.511831373,2.138927529,3.714412568e-30,3629,444,0.3794874687
Second decade (FY2015-FY2024),between-and-within pooled component model,log_gross_generation_mwh,log_throughput_t_year,0.6106971745,0.07121109947,0.4711259843,0.7502683648,9.834005895e-18,3629,444,0.9191250908
Second decade (FY2015-FY2024),between-and-within pooled component model,log_gross_generation_mwh,log_power_capacity_kw,0.5983033739,0.0500281829,0.5002499372,0.6963568106,5.803066288e-33,3629,444,0.9191250908
Lineage-equal weights,between-and-within pooled component model,log_generator_design_intensity,cohort_Before 1990,-1.743554515,0.1019882329,-1.943447779,-1.543661252,1.599198428e-65,6511,493,0.5618197689
Lineage-equal weights,between-and-within pooled component model,log_generator_design_intensity,cohort_1990-1999,-0.9675476561,0.0804358294,-1.125198985,-0.8098963274,2.507356868e-33,6511,493,0.5618197689
Lineage-equal weights,between-and-within pooled component model,log_generator_design_intensity,cohort_2000-2009,-0.3294047616,0.05006332137,-0.4275270684,-0.2312824548,4.712005091e-11,6511,493,0.5618197689
Lineage-equal weights,between-and-within pooled component model,log_generator_design_intensity,log_capacity_t_day,0.5181199642,0.05535700118,0.4096222356,0.6266176928,8.003124435e-21,6511,493,0.5618197689
Lineage-equal weights,between-and-within pooled component model,log_electrical_capacity_factor,cohort_Before 1990,0.397590276,0.04637335465,0.306700171,0.4884803809,1.002301925e-17,6511,493,0.4594905473
Lineage-equal weights,between-and-within pooled component model,log_electrical_capacity_factor,cohort_1990-1999,0.2341536808,0.03705538501,0.1615264607,0.3067809008,2.632289674e-10,6511,493,0.4594905473
Lineage-equal weights,between-and-within pooled component model,log_electrical_capacity_factor,cohort_2000-2009,0.05555195427,0.03252993467,-0.008205546103,0.1193094546,0.0876886846,6511,493,0.4594905473
Lineage-equal weights,between-and-within pooled component model,log_electrical_capacity_factor,log_capacity_t_day,-0.06400055936,0.02913095557,-0.1210961831,-0.006904935609,0.02802081402,6511,493,0.4594905473
Lineage-equal weights,between-and-within pooled component model,log_electrical_capacity_factor,capacity_utilization_raw,2.150578904,0.1404156481,1.875369291,2.425788517,5.996340269e-53,6511,493,0.4594905473
Lineage-equal weights,between-and-within pooled component model,log_gross_generation_mwh,log_throughput_t_year,0.7340589961,0.04572610476,0.6444374777,0.8236805146,5.412516965e-58,6511,493,0.9155545807
Lineage-equal weights,between-and-within pooled component model,log_gross_generation_mwh,log_power_capacity_kw,0.5583134273,0.03813866653,0.4835630145,0.6330638402,1.582896663e-48,6511,493,0.9155545807
Identity-certain lineages,between-and-within pooled component model,log_generator_design_intensity,cohort_Before 1990,-1.572294054,0.08583727438,-1.74053202,-1.404056087,6.039613614e-75,6450,487,0.5475197629
Identity-certain lineages,between-and-within pooled component model,log_generator_design_intensity,cohort_1990-1999,-0.8840617325,0.06451116488,-1.010501292,-0.7576221727,9.606697136e-43,6450,487,0.5475197629
Identity-certain lineages,between-and-within pooled component model,log_generator_design_intensity,cohort_2000-2009,-0.2695054499,0.04340018575,-0.3545682509,-0.1844426489,5.306004018e-10,6450,487,0.5475197629
Identity-certain lineages,between-and-within pooled component model,log_generator_design_intensity,log_capacity_t_day,0.5331692112,0.04376313317,0.4473950463,0.618943376,3.826149064e-34,6450,487,0.5475197629
Identity-certain lineages,between-and-within pooled component model,log_electrical_capacity_factor,cohort_Before 1990,0.3056489377,0.04244416129,0.2224599102,0.3888379651,5.968447757e-13,6450,487,0.3342264118
Identity-certain lineages,between-and-within pooled component model,log_electrical_capacity_factor,cohort_1990-1999,0.1987408567,0.03303175689,0.1339998029,0.2634819106,1.780522944e-09,6450,487,0.3342264118
Identity-certain lineages,between-and-within pooled component model,log_electrical_capacity_factor,cohort_2000-2009,0.01637689504,0.02910588676,-0.04066959475,0.07342338482,0.5736622899,6450,487,0.3342264118
Identity-certain lineages,between-and-within pooled component model,log_electrical_capacity_factor,log_capacity_t_day,-0.1165636077,0.0236734835,-0.1629627827,-0.07016443265,8.487757816e-07,6450,487,0.3342264118
Identity-certain lineages,between-and-within pooled component model,log_electrical_capacity_factor,capacity_utilization_raw,1.680265672,0.1271297429,1.431095955,1.92943539,7.006023224e-40,6450,487,0.3342264118
Identity-certain lineages,between-and-within pooled component model,log_gross_generation_mwh,log_throughput_t_year,0.6318007065,0.05248556979,0.52893088,0.734670533,2.253971543e-33,6450,487,0.9133259174
Identity-certain lineages,between-and-within pooled component model,log_gross_generation_mwh,log_power_capacity_kw,0.5792376054,0.03796340237,0.504830704,0.6536445067,1.461146555e-52,6450,487,0.9133259174
Conservative engineering bounds,between-and-within pooled component model,log_generator_design_intensity,cohort_Before 1990,-1.548608762,0.08124289442,-1.70784191,-1.389375615,5.277402135e-81,6432,490,0.5557576603
Conservative engineering bounds,between-and-within pooled component model,log_generator_design_intensity,cohort_1990-1999,-0.870664931,0.06080085556,-0.9898324182,-0.7514974439,1.64252244e-46,6432,490,0.5557576603
Conservative engineering bounds,between-and-within pooled component model,log_generator_design_intensity,cohort_2000-2009,-0.2718272874,0.0419293053,-0.3540072157,-0.1896473591,8.992216972e-11,6432,490,0.5557576603
Conservative engineering bounds,between-and-within pooled component model,log_generator_design_intensity,log_capacity_t_day,0.5204306629,0.04143661501,0.4392163899,0.601644936,3.517484022e-36,6432,490,0.5557576603
Conservative engineering bounds,between-and-within pooled component model,log_electrical_capacity_factor,cohort_Before 1990,0.2821596061,0.03950036252,0.2047403182,0.359578894,9.117244358e-13,6432,490,0.3363682705
Conservative engineering bounds,between-and-within pooled component model,log_electrical_capacity_factor,cohort_1990-1999,0.1828122184,0.03118227215,0.1216960881,0.2439283488,4.554083582e-09,6432,490,0.3363682705
Conservative engineering bounds,between-and-within pooled component model,log_electrical_capacity_factor,cohort_2000-2009,0.0003368661124,0.02754499179,-0.05365032575,0.05432405797,0.9902423797,6432,490,0.3363682705
Conservative engineering bounds,between-and-within pooled component model,log_electrical_capacity_factor,log_capacity_t_day,-0.1271185395,0.02236867893,-0.1709603446,-0.08327673439,1.324444638e-08,6432,490,0.3363682705
Conservative engineering bounds,between-and-within pooled component model,log_electrical_capacity_factor,capacity_utilization_raw,1.554736811,0.09826762472,1.362135805,1.747337816,2.213180649e-56,6432,490,0.3363682705
Conservative engineering bounds,between-and-within pooled component model,log_gross_generation_mwh,log_throughput_t_year,0.6195183324,0.03847972929,0.5440994489,0.694937216,2.556740621e-58,6432,490,0.922588163
Conservative engineering bounds,between-and-within pooled component model,log_gross_generation_mwh,log_power_capacity_kw,0.5666090937,0.02861491231,0.5105248961,0.6226932912,2.907886407e-87,6432,490,0.922588163
Broad engineering bounds,between-and-within pooled component model,log_generator_design_intensity,cohort_Before 1990,-1.56853528,0.08464771239,-1.734441747,-1.402628812,1.179454472e-76,6535,496,0.543503267
Broad engineering bounds,between-and-within pooled component model,log_generator_design_intensity,cohort_1990-1999,-0.8868999038,0.06419203556,-1.012713982,-0.761085826,2.030984214e-43,6535,496,0.543503267
Broad engineering bounds,between-and-within pooled component model,log_generator_design_intensity,cohort_2000-2009,-0.2690391938,0.04384373203,-0.3549713296,-0.1831070581,8.445466336e-10,6535,496,0.543503267
Broad engineering bounds,between-and-within pooled component model,log_generator_design_intensity,log_capacity_t_day,0.5364338377,0.04470652784,0.4488106533,0.6240570222,3.595946227e-33,6535,496,0.543503267
Broad engineering bounds,between-and-within pooled component model,log_electrical_capacity_factor,cohort_Before 1990,0.3135687803,0.04349668958,0.2283168353,0.3988207254,5.635336681e-13,6535,496,0.3297173311
Broad engineering bounds,between-and-within pooled component model,log_electrical_capacity_factor,cohort_1990-1999,0.2031038953,0.03298463382,0.138455201,0.2677525897,7.388792371e-10,6535,496,0.3297173311
Broad engineering bounds,between-and-within pooled component model,log_electrical_capacity_factor,cohort_2000-2009,0.02570869503,0.02966989568,-0.03244323193,0.083860622,0.3862210068,6535,496,0.3297173311
Broad engineering bounds,between-and-within pooled component model,log_electrical_capacity_factor,log_capacity_t_day,-0.1090402788,0.02485288146,-0.1577510314,-0.06032952626,1.146978662e-05,6535,496,0.3297173311
Broad engineering bounds,between-and-within pooled component model,log_electrical_capacity_factor,capacity_utilization_raw,1.722981862,0.1466778452,1.435498568,2.010465156,7.34235974e-32,6535,496,0.3297173311
Broad engineering bounds,between-and-within pooled component model,log_gross_generation_mwh,log_throughput_t_year,0.6492798702,0.05969998349,0.5322700527,0.7662896877,1.504751258e-27,6535,496,0.9098563065
Broad engineering bounds,between-and-within pooled component model,log_gross_generation_mwh,log_power_capacity_kw,0.5786793153,0.04210366542,0.4961576475,0.6612009831,5.521371909e-43,6535,496,0.9098563065
Within-lineage asset-episode FE: capacity factor,"within-lineage, within-asset operational model",log_electrical_capacity_factor,capacity_utilization_raw,2.381117811,0.1163926084,2.15299249,2.609243132,5.136752883e-93,6486,471,0.4754486941
Within-lineage asset-episode FE: gross output,"within-lineage, within-asset operational model",log_power_generated_mwh,log_throughput_t_year,1.119447358,0.02974161007,1.061154874,1.177739843,4.933323829e-310,6486,471,0.6062132636
Within-lineage asset-episode FE: gross output,"within-lineage, within-asset operational model",log_power_generated_mwh,log_power_capacity_kw,0.6412816598,0.1727140448,0.3027683524,0.9797949673,0.0002048430847,6486,471,0.6062132636
Exact-adjacent first difference: capacity factor,exact-adjacent within-lineage change model,delta_log_electrical_capacity_factor,delta_capacity_utilization_raw,2.644650187,0.1117556691,2.425613101,2.863687274,8.356135257e-124,5958,470,0.4835522373
Exact-adjacent first difference: gross output,exact-adjacent within-lineage change model,delta_log_power_generated_mwh,delta_log_throughput_t_year,1.140571032,0.0366721256,1.068694986,1.212447077,2.27355228e-212,5958,470,0.5599355005
Exact-adjacent first difference: gross output,exact-adjacent within-lineage change model,delta_log_power_generated_mwh,delta_log_power_capacity_kw,0.2081659232,0.1191196382,-0.02530427751,0.441636124,0.08054430822,5958,470,0.5599355005
